,Date,Open,High,Low,Close,Adj Close,Volume,EMA_20,EMA_50,EMA_100,Signal,EMAs_Converge,Price Difference
0,2010-01-07,7.5625,7.5714287757873535,7.466071128845215,7.520713806152344,6.367033004760742,477131200,7.623222417391707,7.634797939038242,7.638932540016312,Sell,True,0.0
1,2010-01-08,7.510714054107666,7.5714287757873535,7.466429233551025,7.570713996887207,6.409362316131592,447610800,7.618221615438897,7.632284843267613,7.637581677776132,Sell,True,0.0
2,2010-01-11,7.599999904632568,7.607142925262451,7.444643020629883,7.503929138183594,6.352823734283447,462229600,7.607336617605059,7.627251286205495,7.634935092833706,Sell,True,0.0
3,2010-01-12,7.471070766448975,7.491786003112793,7.372142791748047,7.418570995330811,6.280559062957764,594459600,7.589358939293225,7.6190677453868805,7.630650655259391,Sell,True,0.0
4,2010-01-13,7.423929214477539,7.533214092254639,7.289286136627197,7.523213863372803,6.369148254394531,605892000,7.583059408253185,7.615308769621623,7.628523194033914,Sell,True,0.0
5,2010-01-14,7.503929138183594,7.516428947448731,7.465000152587891,7.479642868041992,6.332261562347412,432894000,7.573210213947357,7.609988538187128,7.6255750687667465,Sell,True,0.0
6,2010-01-15,7.533214092254639,7.557143211364746,7.352499961853027,7.354642868041992,6.226437091827393,594067600,7.552394276242084,7.599974982495162,7.620210074692989,Sell,True,0.0
7,2010-01-19,7.440357208251953,7.685357093811035,7.401429176330566,7.679999828338623,6.501884937286377,730007600,7.564547185965564,7.603113211743926,7.621394030210724,Sell,True,0.0
8,2010-01-20,7.675356864929199,7.698214054107666,7.482142925262451,7.56178617477417,6.401805400848389,612152800,7.564284232518765,7.601492543627465,7.620213676637723,Sell,True,0.0
9,2010-01-21,7.574285984039307,7.618214130401611,7.400356769561768,7.431070804595947,6.291141510009766,608154400,7.551597239383258,7.594809338175249,7.616468273230955,Sell,True,0.0
10,2010-01-22,7.385000228881836,7.410714149475098,7.041429042816162,7.0625,5.979106903076172,881767600,7.505016549918186,7.573934462168377,7.605498604454104,Sell,True,0.0
11,2010-01-25,7.232500076293945,7.310713768005371,7.1496429443359375,7.252500057220459,6.139963626861572,1065699600,7.48096736013745,7.561329191386106,7.598508534211854,Sell,True,0.0
12,2010-01-26,7.3553571701049805,7.632500171661377,7.235000133514404,7.355000019073486,6.226739406585693,1867110000,7.4689704705123106,7.553237851295415,7.593686583417035,Sell,True,0.0
13,2010-01-27,7.387499809265137,7.520713806152344,7.126070976257324,7.424285888671875,6.285397052764893,1722568400,7.464714796051316,7.548180911584688,7.59033211421416,Sell,True,0.0
14,2010-01-28,7.318929195404053,7.339285850524902,7.096428871154785,7.117499828338623,6.02567195892334,1173502400,7.431646703888203,7.531291457339744,7.580969098652268,Sell,True,0.004642963409423828
15,2010-03-04,7.474286079406738,7.532856941223144,7.451070785522461,7.525356769561768,6.370962619781494,366041200,7.281262285633414,7.326944076833199,7.426873837055325,Buy,True,0.0
16,2010-03-05,7.67642879486084,7.846428871154785,7.6653571128845215,7.819643020629883,6.620104789733887,899620400,7.332536641347363,7.346265604040912,7.434651444650861,Buy,True,0.0
17,2010-03-08,7.857500076293945,7.86035680770874,7.794642925262451,7.824285984039307,6.624035358428955,429889600,7.3793699120799285,7.3650115012957516,7.442366980084295,Buy,True,0.0
18,2010-03-09,7.796785831451416,8.035714149475098,7.78178596496582,7.965000152587891,6.743166923522949,920259200,7.435144220699734,7.38854046801309,7.4527161518170395,Buy,True,0.0
19,2010-03-10,7.993928909301758,8.052857398986816,7.971428871154785,8.029999732971191,6.798194408416748,596218000,7.491797126630349,7.413695733305565,7.464147509859695,Buy,True,0.0
20,2010-03-11,7.996786117553711,8.053570747375488,7.975714206695557,8.053570747375488,6.8181471824646,405700400,7.545299376225124,7.438788871112229,7.4758192571372355,Buy,True,0.0
21,2010-03-12,8.120356559753418,8.133213996887207,8.0625,8.092857360839844,6.851408958435059,416323600,7.59744775571224,7.46443861580743,7.488037833448178,Buy,True,1.2532143592834473
22,2010-08-23,8.992500305175781,9.0,8.758929252624512,8.778571128845215,7.431933403015137,414041600,9.055361793661584,9.095455759618517,8.924834899847847,Sell,True,0.0
23,2010-08-24,8.666786193847656,8.678570747375488,8.523214340209961,8.568928718566895,7.25445032119751,602565600,9.009034834128757,9.074807640361591,8.917787252693769,Sell,True,0.0
24,2010-08-25,8.501428604125977,8.713929176330566,8.471428871154785,8.674642562866211,7.343947410583496,596867600,8.977187951151372,9.059114892224517,8.91297250636055,Sell,True,0.0
25,2010-08-26,8.766071319580078,8.776785850524902,8.581428527832031,8.581428527832031,7.265034675598144,466505200,8.939496577501911,9.040382093620892,8.906407279062956,Sell,True,0.0
26,2010-08-27,8.633929252624512,8.664643287658691,8.412857055664062,8.62928581237793,7.305550575256348,548391200,8.909952695109151,9.02426067082705,8.900919725267212,Sell,True,0.0
27,2010-08-30,8.598570823669434,8.776785850524902,8.59571361541748,8.660714149475098,7.332156658172607,383289200,8.88621569076305,9.010003944499523,8.896163179211921,Sell,True,0.0
28,2010-08-31,8.637499809265137,8.734286308288574,8.583929061889648,8.682143211364746,7.350298881530762,420786800,8.86678021653464,8.997146660847179,8.89192516004663,Sell,True,0.0
29,2010-09-01,8.838213920593262,8.980713844299316,8.795714378356934,8.940357208251953,7.568902492523193,697037600,8.873787549079145,8.994919623490503,8.892884210506143,Sell,True,0.0
30,2010-09-02,8.973570823669434,9.006071090698242,8.8774995803833,9.006071090698242,7.62453556060791,415427600,8.886385981614296,8.995356935930023,8.895125534866382,Sell,True,0.46321487426757635
31,2010-09-03,9.110357284545898,9.242142677307127,9.089285850524902,9.241786003112791,7.82409143447876,520788800,8.920233602709391,9.005020820917583,8.901990098594034,Buy,True,0.0
32,2010-09-07,9.165714263916016,9.268928527832031,9.151785850524902,9.207500457763672,7.795067310333252,342557600,8.9475923508098,9.012961198833116,8.9080398086766,Buy,True,0.0
33,2010-09-08,9.277856826782228,9.442500114440918,9.253570556640623,9.390000343322754,7.949565887451172,526551200,8.989726445334842,9.027747047636632,8.91758358163989,Buy,True,0.0
34,2010-09-09,9.46571445465088,9.51857089996338,9.390000343322754,9.395357131958008,7.954102516174316,438575200,9.028357939298953,9.042163129374726,8.927044444022428,Buy,True,0.0
35,2010-09-10,9.399642944335938,9.446429252624512,9.33571434020996,9.407500267028809,7.96438455581665,387542400,9.064466732416083,9.056490075949396,8.936558420715624,Buy,True,0.0
36,2010-09-13,9.493571281433104,9.581428527832031,9.491429328918455,9.537142753601074,8.074140548706055,388780000,9.109483496338463,9.075339200563187,8.948451179782662,Buy,True,2.7010707855224627
37,2011-05-23,11.784643173217772,11.999285697937012,11.765000343322754,11.942856788635254,10.110816955566406,383600000,12.194338468932079,12.228708372110505,12.049920471582901,Sell,True,0.0
38,2011-05-24,11.98214340209961,11.996429443359377,11.833571434020996,11.86392879486084,10.043994903564451,321927200,12.162870880925293,12.214403290649734,12.046237468083454,Sell,True,0.0
39,2011-05-25,11.90821361541748,12.091428756713867,11.887499809265137,12.027856826782228,10.182777404785156,294224000,12.150012399578335,12.207087743047087,12.04587349498838,Sell,True,0.0
40,2011-05-26,11.998929023742676,12.03178596496582,11.943928718566896,11.964285850524902,10.128954887390137,222560800,12.132324156811341,12.19756610020308,12.04425789806831,Sell,True,0.0
41,2011-05-27,11.95714282989502,12.05821418762207,11.939642906188965,12.0503568649292,10.201826095581056,203599200,12.124517748060661,12.191793189015868,12.044378669689317,Sell,True,0.0
42,2011-05-31,12.182143211364746,12.422499656677246,12.178570747375488,12.422499656677246,10.516881942749023,417754400,12.152896977452718,12.200840501473177,12.051866213986107,Sell,True,0.0
43,2011-06-01,12.459643363952637,12.57607078552246,12.308929443359377,12.339642524719238,10.446735382080078,554682800,12.170682267668576,12.206283718071063,12.057564754792704,Sell,True,0.0
44,2011-06-02,12.375,12.427857398986816,12.296428680419922,12.360713958740234,10.464569091796877,338783200,12.188780523961116,12.212339805940443,12.063567709326318,Sell,True,0.0
45,2011-06-03,12.256428718566896,12.333213806152344,12.214642524719238,12.265713691711426,10.384147644042969,313250000,12.196107492318289,12.21443289950009,12.067570600066617,Sell,True,0.0
46,2011-06-06,12.346428871154783,12.39464282989502,12.064642906188965,12.072856903076172,10.22087574005127,461941200,12.184369340961897,12.208880899640329,12.067675279334132,Sell,True,0.0
47,2011-06-07,12.077500343322754,12.079285621643066,11.853570938110352,11.85857105255127,10.039461135864258,529785200,12.153340932541838,12.195143258578014,12.063534601576055,Sell,True,0.0
48,2011-06-08,11.849286079406738,11.95714282989502,11.808929443359377,11.865714073181152,10.04550552368164,333723600,12.12594789831701,12.182224466993823,12.059617363390018,Sell,True,0.0
49,2011-06-09,11.901785850524902,11.916786193847656,11.8125,11.838929176330566,10.02283000946045,275088800,12.09861278193735,12.168761906575657,12.05524730027993,Sell,True,0.0
50,2011-06-10,11.805356979370115,11.845000267028809,11.625356674194336,11.639286041259766,9.853815078735352,433955200,12.054867378063294,12.147998147151505,12.04701044366567,Sell,True,0.0
51,2011-06-13,11.685713768005373,11.725357055664062,11.60964298248291,11.66428565979004,9.874977111816406,329473200,12.017669119180127,12.129029030000074,12.039431735074073,Sell,True,0.0
52,2011-06-14,11.785714149475098,11.901785850524902,11.76107120513916,11.872857093811035,10.051552772521973,334569200,12.003877497716404,12.118983071718151,12.03613322732629,Sell,True,0.0
53,2011-06-15,11.776785850524902,11.796428680419922,11.602856636047363,11.66964340209961,9.879511833190918,399196000,11.972045679086234,12.1013619082037,12.028876003064376,Sell,True,0.0
54,2011-06-16,11.675000190734863,11.738571166992188,11.368928909301758,11.6128568649292,9.831439018249512,510591200,11.937837220595087,12.082204847683132,12.020638000329026,Sell,True,0.0
55,2011-06-17,11.749643325805664,11.758929252624512,11.40571403503418,11.437856674194336,9.683282852172852,615020000,11.890220025699778,12.056936291860042,12.009097776049131,Sell,True,0.0
56,2011-06-20,11.334285736083984,11.346428871154783,11.089285850524902,11.261428833007812,9.53391933441162,640645600,11.830335150205304,12.02573992092466,11.994292450444352,Sell,True,0.0
57,2011-06-21,11.3100004196167,11.635713577270508,11.257143020629885,11.617856979370115,9.835674285888672,493382400,11.810099133935285,12.009744511451935,11.986838282700308,Sell,True,0.0
58,2011-06-22,11.6128568649292,11.746429443359377,11.51357078552246,11.521785736083984,9.754334449768066,390583200,11.782640715092304,11.990608873202211,11.977629321381173,Sell,True,0.0
59,2011-06-23,11.390713691711426,11.846071243286133,11.36142921447754,11.82964324951172,10.014968872070312,559759200,11.787117146941773,11.984296495802583,11.974698904116432,Sell,True,0.0
60,2011-06-24,11.834643363952637,11.89821434020996,11.610357284545898,11.655357360839844,9.867424011230469,439807200,11.774568595884446,11.971396921882477,11.968375309200063,Sell,True,0.0
61,2011-06-27,11.6996431350708,11.925000190734863,11.6875,11.85857105255127,10.039461135864258,339813600,11.782568829852716,11.966972377987135,11.966200967484244,Sell,True,0.0
62,2011-06-28,11.916070938110352,12.024999618530272,11.908571243286133,11.973570823669434,10.136818885803224,294299600,11.800759495930498,11.967231140562912,11.966346905230486,Sell,True,0.0
63,2011-06-29,12.001428604125977,12.013214111328123,11.852856636047363,11.93000030517578,10.099930763244627,352545200,11.813068144430048,11.965771107802633,11.965627170575937,Sell,True,0.0
64,2011-06-30,11.953571319580078,12.004643440246582,11.8871431350708,11.988213539123535,10.149216651916504,322954800,11.82974865821038,11.966651203148551,11.966074425398661,Sell,True,0.31642913818359375
65,2011-07-01,11.998213768005373,12.26785659790039,11.935713768005373,12.259285926818848,10.378705024719238,435313200,11.870656969506426,11.978127074665034,11.971880593743615,Buy,True,0.0
66,2011-07-05,12.25,12.493928909301758,12.23214340209961,12.479642868041992,10.56525993347168,355054000,11.928655626509814,11.997794360679817,11.981935292244573,Buy,True,0.0
67,2011-07-06,12.462499618530272,12.646429061889648,12.38249969482422,12.562856674194336,10.63571071624756,444626000,11.989055726289292,12.019953667092151,11.993438685946549,Buy,True,0.0
68,2011-07-07,12.666786193847656,12.785714149475098,12.64285659790039,12.757143020629885,10.800188064575195,399663600,12.062206897178873,12.048863053505396,12.00856154405909,Buy,True,0.0
69,2011-07-08,12.619285583496094,12.85714340209961,12.578571319580078,12.84678554534912,10.87608242034912,489633200,12.136928673195087,12.080154131616915,12.025160039134139,Buy,True,0.0
70,2011-07-11,12.726428985595703,12.848929405212402,12.600713729858398,12.64285659790039,10.703433990478516,442674400,12.185112285071781,12.102220895000581,12.037391654159213,Buy,True,0.0
71,2011-07-12,12.626070976257324,12.774286270141602,12.450714111328123,12.633929252624512,10.695878982543944,451609200,12.227856758172042,12.123072203142696,12.049204279871397,Buy,True,0.0
72,2011-07-13,12.797499656677246,12.85714340209961,12.727856636047363,12.786429405212402,10.824984550476074,391638800,12.281054153128267,12.149086211066999,12.063802797204882,Buy,True,0.7253570556640625
73,2011-11-25,13.157856941223145,13.255356788635254,12.975713729858398,12.98464298248291,10.992792129516602,254760800,13.695390416494948,13.852945806579612,13.624526762106447,Sell,True,0.0
74,2011-11-28,13.298213958740234,13.454285621643066,13.22607135772705,13.432856559753418,11.3722505569458,346413200,13.670387192043375,13.83647171846878,13.620731312554902,Sell,True,0.0
75,2011-11-29,13.422857284545898,13.529643058776855,13.221428871154783,13.328571319580078,11.283964157104492,375855200,13.637833299427824,13.816554055767263,13.614945966159361,Sell,True,0.0
76,2011-11-30,13.61750030517578,13.652856826782228,13.510713577270508,13.649999618530272,11.55608367919922,405938400,13.638991996485199,13.81002250920895,13.615640097889477,Sell,True,0.0
77,2011-12-01,13.662142753601074,13.89285659790039,13.598214149475098,13.854642868041992,11.729331970214844,387181200,13.659530174728703,13.811772327202403,13.620372826011309,Sell,True,0.9332141876220703
78,2011-12-02,13.922499656677246,14.05821418762207,13.877857208251951,13.91785717010498,11.782848358154297,379055600,13.68413274571692,13.815932517120151,13.626263605102272,Buy,True,0.0
79,2011-12-05,14.053214073181152,14.157500267028809,13.942500114440918,14.036070823669434,11.88293170928955,357210000,13.717650657902873,13.82456539188679,13.634378599529345,Buy,True,0.0
80,2011-12-06,14.018214225769045,14.093929290771484,13.906429290771484,13.962499618530272,11.82064437866211,283598000,13.740969606534053,13.829974577245357,13.640876045450156,Buy,True,0.0
81,2011-12-07,13.926071166992188,13.962142944335938,13.812856674194336,13.896071434020996,11.76440715789795,304746400,13.755741209151857,13.832566610844403,13.645929419481261,Buy,True,0.0
82,2011-12-08,13.98035717010498,14.125,13.936785697937012,13.952142715454102,11.81187915802002,376356400,13.774446114513976,13.837255869848704,13.651993049104485,Buy,True,0.0
83,2011-12-09,14.030357360839844,14.072856903076172,13.965356826782228,14.057856559753418,11.901373863220217,296993200,13.801437585489161,13.845906877295947,13.660029950305454,Buy,True,0.0
84,2011-12-12,13.988571166992188,14.067856788635254,13.908928871154783,13.994285583496094,11.847556114196776,301067200,13.81980406148982,13.85172565008811,13.666648873734971,Buy,True,0.0
85,2011-12-13,14.035714149475098,14.121429443359377,13.824999809265137,13.88607120513916,11.755940437316896,338928800,13.826115218027853,13.853072534599915,13.67099387039644,Buy,True,0.0
86,2011-12-14,13.810713768005373,13.835000038146973,13.488571166992188,13.578213691711426,11.495309829711914,406887600,13.80250554885486,13.842293756447425,13.66915663913535,Buy,True,-0.38428592681884766
87,2011-12-15,13.690357208251951,13.704999923706056,13.51107120513916,13.533571243286133,11.457514762878418,256200000,13.776892757848314,13.830186991225414,13.666471779811603,Sell,True,0.0
88,2011-12-16,13.584285736083984,13.719642639160156,13.556071281433104,13.60785675048828,11.520403861999512,421478400,13.760794090480692,13.82146815825533,13.665311086161637,Sell,True,0.0
89,2011-12-19,13.659643173217772,13.744643211364746,13.588570594787598,13.650357246398926,11.556385040283203,235530400,13.750276295806238,13.814757926417824,13.66501497052277,Sell,True,0.0
90,2011-12-20,13.848570823669434,14.146429061889648,13.830714225769045,14.141071319580078,11.971823692321776,337215200,13.787494869498984,13.827554530071247,13.674441828919946,Sell,True,0.6253576278686506
91,2011-12-21,14.167499542236328,14.189286231994627,14.000356674194336,14.158928871154783,11.986943244934082,262948000,13.822869536323346,13.8405496022706,13.684035631736478,Buy,True,0.0
92,2011-12-22,14.178570747375488,14.254643440246582,14.146429061889648,14.233928680419922,12.050436973571776,202358800,13.862018026237305,13.855976232786261,13.694924602997537,Buy,True,0.0
93,2011-12-23,14.274642944335938,14.413928985595703,14.267499923706056,14.404643058776855,12.194965362548828,269399200,13.913696600764881,13.87749257890354,13.708978433805047,Buy,True,0.0
94,2011-12-27,14.396429061889648,14.610357284545898,14.39357089996338,14.518928527832031,12.291717529296877,265076000,13.971337736676038,13.902646929841913,13.725017049528354,Buy,True,0.0
95,2011-12-28,14.53178596496582,14.58035659790039,14.333571434020996,14.380000114440918,12.174100875854492,228662000,14.010257963129837,13.921366662571286,13.73798701120979,Buy,True,0.0
96,2013-08-05,16.596071243286133,16.809642791748047,16.50535774230957,16.766071319580078,14.498998641967772,318855600,15.767796852969331,15.534473069377096,15.825986734100036,Buy,True,0.0
97,2013-08-06,16.71500015258789,16.853214263916016,16.506071090698242,16.616071701049805,14.369279861450195,334857600,15.8485849337389,15.576888701991713,15.841631980970329,Buy,True,0.0
98,2013-08-07,16.564285278320312,16.678571701049805,16.491785049438477,16.606428146362305,14.360942840576172,298858000,15.920760477798272,15.617262797849383,15.856776459492941,Buy,True,4.317856788635256
99,2014-02-26,18.70035743713379,18.75,18.41428565979004,18.47678565979004,16.274639129638672,276217200,18.89422456694519,19.00237095531981,18.73932330386768,Sell,True,0.0
100,2014-02-27,18.46928596496582,18.885000228881836,18.430356979370117,18.84535789489746,16.599271774291992,301882000,18.88957059817874,18.99621358040129,18.741422998739555,Sell,True,0.0
101,2014-02-28,18.895713806152344,19.02678680419922,18.64714241027832,18.794286727905273,16.554296493530273,371968800,18.88049594386698,18.988294880303407,18.742469805257688,Sell,True,0.0
102,2014-03-03,18.69357109069824,18.95178604125977,18.671785354614254,18.84857177734375,16.60210418701172,238781200,18.87745554705524,18.98281554293244,18.744570834407906,Sell,True,0.0
103,2014-03-04,18.96428680419922,19.022857666015625,18.84892845153809,18.972856521606445,16.711585998535156,259140000,18.886541354155355,18.982424993076517,18.749091343065302,Sell,True,0.0
104,2014-03-05,18.961429595947266,19.09821319580078,18.897499084472656,19.01285743713379,16.746816635131836,200062800,18.898571457296157,18.983618422255233,18.754314434036957,Sell,True,0.0
105,2014-03-06,19.02821350097656,19.087142944335938,18.86071395874023,18.95535659790039,16.696163177490234,185488800,18.90397956592513,18.98251011541779,18.758295466984748,Sell,True,0.0
106,2014-03-07,18.967500686645508,18.999286651611328,18.787500381469727,18.944286346435547,16.686416625976562,220729600,18.90781830692612,18.98101114408515,18.761978454696646,Sell,True,0.0
107,2014-03-10,18.8700008392334,19.04750061035156,18.869285583496097,18.961429595947266,16.70151710510254,178584000,18.912924143975754,18.980243240236607,18.76592798224616,Sell,True,0.0
108,2014-03-11,19.123214721679688,19.240713119506836,19.02107048034668,19.14607048034668,16.864154815673828,279224400,18.935128556963463,18.986746269260532,18.773455556465972,Sell,True,0.6878566741943359
109,2014-03-12,19.089643478393555,19.191070556640625,19.0,19.164642333984375,16.88051414489746,199326400,18.956987011917835,18.993722585524214,18.78120182928812,Buy,True,0.0
110,2014-03-13,19.194286346435547,19.273571014404297,18.898571014404297,18.95178604125977,16.693025588989258,257742800,18.95649168137897,18.992078015160903,18.784579734475674,Buy,True,0.0
111,2014-03-14,18.885356903076172,18.960357666015625,18.678571701049805,18.738929748535156,16.50553321838379,237199200,18.935771497298607,18.98215063215597,18.78367577435804,Buy,True,0.0
112,2014-03-17,18.8464298248291,18.927499771118164,18.780357360839844,18.812143325805664,16.570022583007812,199544800,18.92399738572785,18.975483678965762,18.784239488248094,Buy,True,0.0
113,2014-03-18,18.782142639160156,18.99892807006836,18.757143020629883,18.97857093811035,16.716623306274414,209647200,18.92919486690714,18.975604747951824,18.78808763577012,Buy,True,0.0
114,2014-03-19,19.009286880493164,19.15142822265625,18.89285659790039,18.97357177734375,16.712209701538086,224756000,18.93342123932967,18.975525023614253,18.791760589068605,Buy,True,0.0
115,2014-03-20,18.92464256286621,19.023929595947266,18.83392906188965,18.882143020629883,16.631685256958008,208398400,18.928537599453502,18.971862984281533,18.79355034018863,Buy,True,0.0
116,2014-03-21,18.997499465942383,19.0625,18.79750061035156,19.031070709228516,16.762855529785156,374046400,18.938302657527313,18.97418485584808,18.798253713832985,Buy,True,0.0
117,2014-03-24,19.229286193847656,19.303571701049805,19.109285354614254,19.256786346435547,16.961669921875,355700800,18.968634437423336,18.985267267243668,18.807333567943925,Buy,True,0.0
118,2014-03-25,19.33928680419922,19.491071701049805,19.27107048034668,19.46392822265625,17.144128799438477,282293200,19.015805274112186,19.004038285102986,18.820335442294663,Buy,True,0.0
119,2014-03-26,19.518571853637695,19.60714340209961,19.2450008392334,19.277856826782227,16.98023223876953,299768000,19.040762564842666,19.014776267129623,18.829395271690455,Buy,True,0.0
120,2014-03-27,19.28642845153809,19.33928680419922,19.11142921447754,19.19499969482422,16.907245635986328,222031600,19.0554518153171,19.02184385252941,18.836634963237657,Buy,True,0.0
121,2014-03-28,19.2257137298584,19.24785614013672,19.08035659790039,19.17357063293457,16.888378143310547,200564000,19.066701226518763,19.027793922349222,18.843306956697003,Buy,True,0.0
122,2014-03-31,19.258214950561523,19.31464385986328,19.140356063842773,19.169286727905273,16.884607315063477,168669200,19.07647127426986,19.033342659822008,18.849762001671422,Buy,True,0.0
123,2014-04-01,19.205713272094727,19.352500915527344,19.17035675048828,19.344642639160156,17.039052963256836,200760000,19.10201140425941,19.045550502148995,18.859561618255356,Buy,True,0.0
124,2014-04-02,19.37071418762207,19.40999984741211,19.295000076293945,19.376785278320312,17.067373275756836,180420800,19.128180344646164,19.058540101214536,18.869803670929908,Buy,True,0.0
125,2014-04-03,19.335357666015625,19.375,19.20142936706543,19.24250030517578,16.949085235595703,162344000,19.1390679599347,19.065754226860076,18.877183802301115,Buy,True,0.0
126,2014-04-04,19.278928756713867,19.28571319580078,18.94928550720215,18.99357032775879,16.729827880859375,275251200,19.125211042584613,19.062923485718848,18.879488485973543,Buy,True,0.0
127,2014-04-07,18.85785675048828,18.96071434020996,18.63892936706543,18.695356369018555,16.4671573638916,289850400,19.08427250224499,19.048509088985504,18.87584230543978,Buy,True,-0.4703559875488281
128,2014-04-08,18.756786346435547,18.790000915527344,18.524999618530273,18.694286346435547,16.46621322631836,243888400,19.04713096359647,19.034618001042368,18.872247137934743,Sell,True,0.0
129,2014-04-09,18.665714263916016,18.94607162475586,18.643571853637695,18.940000534057617,16.682640075683594,206169600,19.03692806554515,19.030907512141006,18.873588789343117,Sell,True,0.0
130,2014-04-10,18.952856063842773,19.00857162475586,18.684642791748047,18.695714950561523,16.467470169067383,239652000,19.004431578403853,19.017762705804557,18.870066535109817,Sell,True,0.0
131,2014-04-11,18.53571319580078,18.67250061035156,18.46928596496582,18.5575008392334,16.345731735229492,271717600,18.961866746101904,18.999713220840984,18.863877115389492,Sell,True,0.0
132,2014-04-14,18.63928604125977,18.648571014404297,18.47178649902344,18.63142967224121,16.410846710205078,205674000,18.93039654859136,18.98527072873903,18.859274195723188,Sell,True,0.0
133,2014-04-15,18.581071853637695,18.6299991607666,18.26178550720215,18.498571395874023,16.2938232421875,266490000,18.88927034357066,18.966184480391384,18.852131566023203,Sell,True,0.0
134,2014-04-16,18.501785278320312,18.6103572845459,18.36214256286621,18.53607177734375,16.32685661315918,214765600,18.855632384882384,18.949317315565988,18.845872956346383,Sell,True,0.0
135,2014-04-17,18.571428298950195,18.84857177734375,18.542856216430664,18.74785614013672,16.513395309448242,284334400,18.845367980620892,18.94141687731386,18.843932029292727,Sell,True,0.0
136,2014-04-21,18.762142181396484,19.0049991607666,18.71285629272461,18.97035789489746,16.709383010864258,182548800,18.857271781980565,18.942551819179883,18.846435511779948,Sell,True,0.2950000762939453
137,2014-04-22,18.868213653564453,18.99392890930176,18.803571701049805,18.989286422729492,16.72605323791504,202563200,18.869844604909034,18.94438454873085,18.849264242689838,Buy,True,0.0
138,2014-04-23,18.895000457763672,18.968929290771484,18.730356216430664,18.741071701049805,16.507423400878906,394940000,18.857580518827202,18.936411495880613,18.84712181612271,Buy,True,0.0
139,2014-04-24,20.293214797973633,20.35714340209961,20.02607154846191,20.27750015258789,17.860733032226562,759911600,18.992810960137746,18.98900320790835,18.87544613961707,Buy,True,0.0
140,2014-04-25,20.161785125732425,20.428213119506836,20.141429901123047,20.426429748535156,17.99190902709961,390275200,19.12934608284226,19.045372876168226,18.906158686328318,Buy,True,0.0
141,2014-04-28,20.457143783569336,21.27678680419922,20.448213577270508,21.217500686645508,18.688695907592773,669485600,19.328217949871142,19.13055435893204,18.95192783484945,Buy,True,11.028213500976562
142,2015-07-09,30.962499618530273,31.01499938964844,29.80500030517578,30.017499923706055,27.054107666015625,314380000,31.484316384028432,31.717964794780826,31.262971934361918,Sell,True,0.0
143,2015-07-10,30.48500061035156,30.962499618530273,30.302499771118164,30.81999969482422,27.77738380432129,245418000,31.421048127913746,31.68275047713547,31.25420020684632,Sell,True,0.0
144,2015-07-13,31.25749969482422,31.440000534057617,31.079999923706055,31.415000915527344,28.313644409179688,165762000,31.420472202924564,31.67225049432731,31.25738437929545,Sell,True,0.0
145,2015-07-14,31.510000228881836,31.592500686645508,31.260000228881836,31.40250015258789,28.30237579345703,127072400,31.418760579082978,31.661672049553218,31.260257958964605,Sell,True,0.0
146,2015-07-15,31.43000030517578,31.787500381469727,31.395000457763672,31.704999923706055,28.575014114379883,134596800,31.446021469047082,31.663371181872936,31.269064730543644,Sell,True,2.1099987030029297
147,2015-07-16,31.934999465942383,32.14250183105469,31.837499618530273,32.127498626708984,28.9558048248291,144889600,31.510924055491074,31.681572258141017,31.28606342155682,Buy,True,0.0
148,2015-07-17,32.27000045776367,32.404998779296875,32.07749938964844,32.404998779296875,29.205909729003903,184658800,31.596074029186866,31.709941925637327,31.30822055735365,Buy,True,0.0
149,2015-07-20,32.74250030517578,33.24250030517578,32.67499923706055,33.01750183105469,29.757946014404297,235600800,31.73144810555523,31.761218784673304,31.342067711288323,Buy,True,0.0
150,2015-07-21,33.212501525878906,33.22999954223633,32.58000183105469,32.6875,29.460525512695312,307025600,31.822500666930924,31.79754353821553,31.368709934827166,Buy,True,0.0
151,2015-07-22,30.497499465942383,31.375,30.497499465942383,31.30500030517578,28.21450424194336,461802400,31.77321491819234,31.77822811731201,31.367448358002385,Buy,True,-0.8374977111816406
152,2015-07-23,31.549999237060547,31.772499084472656,31.26499938964844,31.290000915527344,28.20098304748535,203998000,31.72719453698615,31.759081952536143,31.365914745280104,Sell,True,0.0
153,2015-07-24,31.329999923706055,31.434999465942383,30.975000381469727,31.125,28.05227279663086,168649200,31.6698426763208,31.73421599361316,31.361144156264658,Sell,True,0.0
154,2015-07-27,30.772499084472656,30.90250015258789,30.530000686645508,30.6924991607666,27.66247177124023,177822000,31.576762341506114,31.693364353109374,31.3479036613043,Sell,True,0.0
155,2015-07-28,30.844999313354492,30.977500915527344,30.637500762939453,30.844999313354492,27.799917221069336,134472400,31.507070624539292,31.660095135864086,31.3379451593647,Sell,True,0.0
156,2015-07-29,30.787500381469727,30.875,30.5674991607666,30.747499465942383,27.712038040161133,148046800,31.43473051419673,31.62430707037696,31.326253165435546,Sell,True,0.0
157,2015-07-30,30.579999923706055,30.642499923706055,30.427499771118164,30.592500686645508,27.57234001159668,134513200,31.354518149668042,31.58384407493651,31.311723413380296,Sell,True,0.0
158,2015-07-31,30.649999618530273,30.65999984741211,30.227500915527344,30.325000762939453,27.331253051757812,171540000,31.25646887474151,31.534477670544472,31.292184350995328,Sell,True,0.0
159,2015-08-03,30.375,30.642499923706055,29.3799991607666,29.61000061035156,26.68683624267578,279904000,31.09966237337104,31.45900798190946,31.258873781873667,Sell,True,0.0
160,2015-08-04,29.354999542236328,29.424999237060547,28.3125,28.65999984741211,25.83062171936035,496554400,30.86731356137495,31.34924295702721,31.207410931686308,Sell,True,0.0
161,2015-08-05,28.237499237060547,29.36000061035156,28.024999618530273,28.850000381469727,26.001867294311523,397250400,30.67518849662207,31.25123344426025,31.160729534652315,Sell,True,-1.157501220703125
162,2015-10-29,29.674999237060547,30.17250061035156,29.5674991607666,30.13249969482422,27.280685424804688,204909200,28.63360124948763,28.608517036987674,29.14313204736368,Buy,True,0.0
163,2015-10-30,30.247499465942383,30.30500030517578,29.862499237060547,29.875,27.04755973815918,197461200,28.75182970191738,28.658183035537178,29.157624482069348,Buy,True,0.0
164,2015-11-02,30.200000762939453,30.34000015258789,29.90250015258789,30.295000076293945,27.42780303955078,128813200,28.898798309000863,28.722371939096266,29.180146771063892,Buy,True,0.0
165,2015-11-03,30.197500228881836,30.872499465942383,30.174999237060547,30.642499923706055,27.74241828918457,182076000,29.064865129448975,28.79767107574763,29.209104259235023,Buy,True,0.0
166,2015-11-04,30.782499313354492,30.954999923706055,30.405000686645508,30.5,27.6133975982666,179544400,29.201544640930024,28.864429072777135,29.234666551131358,Buy,True,0.0
167,2015-11-05,30.462499618530273,30.67250061035156,30.045000076293945,30.229999542236328,27.486106872558594,158210800,29.29949272676872,28.917980855893184,29.254376115311654,Buy,True,0.0
168,2015-11-06,30.27750015258789,30.45249938964844,30.155000686645508,30.26499938964844,27.517927169799805,132169200,29.391445742281075,28.97080511211888,29.27438845737773,Buy,True,0.0
169,2015-11-09,30.239999771118164,30.45249938964844,30.012500762939453,30.142499923706055,27.40654945373535,135485600,29.462974711940596,29.016753928259554,29.291578783443637,Buy,True,0.0
170,2015-11-10,29.225000381469727,29.517499923706055,29.01499938964844,29.1924991607666,26.54277610778809,236511600,29.43721513563831,29.023645898161792,29.28961681071736,Buy,True,0.0
171,2015-11-11,29.092500686645508,29.354999542236328,28.802499771118164,29.02750015258789,26.39275550842285,180872000,29.39819466106208,29.02379704539419,29.284426381843506,Buy,True,0.0
172,2015-11-12,29.065000534057617,29.204999923706055,28.912500381469727,28.93000030517578,26.30410385131836,130102400,29.353604722406242,29.020118741856216,29.27740804369167,Buy,True,-2.0475006103515625
173,2015-11-13,28.799999237060547,28.892499923706055,28.0674991607666,28.084999084472656,25.535797119140625,183249600,29.232785137841137,28.983447382743137,29.253795985093273,Sell,True,0.0
174,2015-11-16,27.844999313354492,28.559999465942383,27.75,28.545000076293945,25.954051971435547,152426800,29.167281798646165,28.96625337072552,29.23976042254279,Sell,True,0.0
175,2015-11-17,28.729999542236328,28.762500762939453,28.329999923706055,28.42250061035156,25.842674255371097,110467600,29.096350256903822,28.9449297330638,29.22357705992514,Sell,True,0.0
176,2015-11-18,28.940000534057617,29.372499465942383,28.875,29.322500228881836,26.660982131958008,186698800,29.117888349473155,28.95973641917431,29.225535934557946,Sell,True,1.6100006103515625
177,2015-11-19,29.40999984741211,29.9375,29.190000534057617,29.69499969482422,26.99966812133789,173183200,29.172851334744685,28.988570273121365,29.234832246642426,Buy,True,0.0
178,2015-11-20,29.799999237060547,29.979999542236328,29.712499618530273,29.825000762939453,27.11786651611328,137148400,29.234960804096566,29.021371468800506,29.246518751915634,Buy,True,0.0
179,2015-11-23,29.8174991607666,29.9325008392334,29.334999084472656,29.4375,26.76553726196289,129930000,29.254250251325466,29.037690234729897,29.250300558808394,Buy,True,0.0
180,2015-11-24,29.332500457763672,29.837499618530273,29.280000686645508,29.719999313354492,27.022397994995117,171212800,29.29860730485204,29.06444745349949,29.25960152424495,Buy,True,0.0
181,2015-11-25,29.802499771118164,29.8075008392334,29.479999542236328,29.50749969482422,26.829181671142575,85553200,29.318501818182725,29.0818220511985,29.264510398909884,Buy,True,0.0
182,2015-11-27,29.572500228881836,29.602500915527344,29.399999618530273,29.45249938964844,26.77917861938477,52185600,29.33126349165565,29.096358417412226,29.268232953181933,Buy,True,0.0
183,2015-11-30,29.497499465942383,29.852500915527344,29.4375,29.575000762939453,26.89055824279785,156721200,29.354476565111252,29.115128705472117,29.27430756327614,Buy,True,0.0
184,2015-12-01,29.6875,29.70249938964844,29.21500015258789,29.334999084472656,26.672340393066406,139409600,29.352621566955197,29.12375107327606,29.27550937557706,Buy,True,0.0
185,2015-12-02,29.334999084472656,29.52750015258789,29.020000457763672,29.06999969482422,26.431396484375,133546400,29.325705198180817,29.12164317608187,29.27143987694829,Buy,True,-0.8950004577636719
186,2015-12-03,29.137500762939453,29.197500228881836,28.55500030517578,28.799999237060547,26.18590545654297,166278000,29.27563796378841,29.109029688277115,29.26210441873269,Sell,True,0.0
187,2015-12-04,28.822500228881836,29.8125,28.77750015258789,29.75749969482422,27.05649757385254,231108000,29.32152955722039,29.134459884612298,29.271914226180048,Sell,True,0.0
188,2015-12-07,29.7450008392334,29.96500015258789,29.45249938964844,29.56999969482422,26.886011123657227,128336800,29.345193379849327,29.15153987716963,29.277816908727456,Sell,True,0.0
189,2015-12-08,29.3799991607666,29.649999618530273,29.21500015258789,29.5575008392334,26.87464904785156,137238000,29.365413137885906,29.16745991489762,29.28335520438104,Sell,True,0.0
190,2015-12-09,29.40999984741211,29.42250061035156,28.770000457763672,28.905000686645508,26.281373977661133,185445600,29.321564333005867,29.157167396142636,29.27586303571301,Sell,True,0.0
191,2015-12-10,29.010000228881836,29.23500061035156,28.877500534057617,29.042499542236328,26.406396865844727,116850800,29.294986733884958,29.152670617558076,29.271241976436244,Sell,True,0.0
192,2015-12-11,28.79750061035156,28.84749984741211,28.212499618530273,28.295000076293945,25.72673797607422,187544800,29.19974990935248,29.119036478684976,29.251910453661147,Sell,True,0.0
193,2015-12-14,28.045000076293945,28.170000076293945,27.447500228881836,28.1200008392334,25.567628860473633,257274800,29.096916664579233,29.079858610471188,29.229496401890298,Sell,True,0.0
194,2015-12-15,27.98500061035156,28.200000762939453,27.587499618530273,27.622499465942383,25.115278244018555,213292400,28.95649597899477,29.022707271470058,29.197674680386378,Sell,True,0.0
195,2015-12-16,27.767499923706055,27.997499465942383,27.200000762939453,27.834999084472656,25.308496475219727,224954000,28.849686750945047,28.9761304798231,29.17069100521977,Sell,True,0.0
196,2015-12-17,28.0049991607666,28.0625,27.2450008392334,27.2450008392334,24.772048950195312,179091200,28.696859521258222,28.908243042937233,29.132558526685386,Sell,True,0.0
197,2016-04-25,26.25,26.412500381469727,26.127500534057617,26.270000457763672,24.015155792236328,112126400,26.866030310766263,26.420122506084304,26.5059242858159,Sell,True,0.0
198,2016-04-26,25.977500915527344,26.325000762939453,25.977500915527344,26.087499618530273,23.84832000732422,224064800,26.79188453055331,26.407078471278265,26.49763864883995,Sell,True,0.0
199,2016-04-27,24.0,24.677499771118164,23.920000076293945,24.454999923706055,22.355941772460938,458408400,26.569324091805953,26.330526371373473,26.45719035725314,Sell,True,0.0
200,2016-04-28,24.40250015258789,24.469999313354492,23.5625,23.707500457763672,21.672597885131836,328970800,26.2967694599924,26.227662610055443,26.402741052312752,Sell,True,0.0
201,2016-04-29,23.497499465942383,23.68000030517578,23.127500534057617,23.434999465942383,21.42348861694336,274126000,26.024219936749542,26.11814640832552,26.343973892186607,Sell,True,0.0
202,2016-05-02,23.49250030517578,23.520000457763672,23.100000381469727,23.40999984741211,21.400644302368164,192640400,25.77524659490788,26.011944582407345,26.28587539625048,Sell,True,-3.809999465942383
203,2016-07-20,25.0,25.114999771118164,24.934999465942383,24.989999771118164,22.984111785888672,105104000,24.36847725109316,24.40270990173739,24.853509710750046,Buy,True,0.0
204,2016-07-21,24.957500457763672,25.25,24.782499313354492,24.857500076293945,22.86224937438965,130808000,24.415050853493234,24.42054481054353,24.85358872788953,Buy,True,0.0
205,2016-07-22,24.815000534057617,24.825000762939453,24.57749938964844,24.665000915527344,22.68520164489746,113254800,24.438855621306008,24.430131324464462,24.849854315763547,Buy,True,0.0
206,2016-07-25,24.5625,24.709999084472656,24.229999542236328,24.334999084472656,22.38168716430664,161531600,24.428964522559973,24.426400648386352,24.839659162668678,Buy,True,-0.8225002288818359
207,2016-07-26,24.204999923706055,24.49250030517578,24.104999542236328,24.167499542236328,22.227630615234375,224959200,24.404063095862483,24.41624766383145,24.826349071174967,Sell,True,0.0
208,2016-07-27,26.0674991607666,26.087499618530273,25.6875,25.737499237060547,23.67160987854004,369379200,24.531057014071823,24.468061451016904,24.844391648717256,Sell,True,1.9174995422363281
209,2016-07-28,25.707500457763672,26.112499237060547,25.704999923706055,26.084999084472656,23.991220474243164,159479200,24.67905149696714,24.531470769975954,24.8689581325936,Buy,True,0.0
210,2016-07-29,26.04750061035156,26.137500762939453,25.920000076293945,26.052499771118164,23.96133041381836,110934800,24.80985609450533,24.591118966099177,24.892394600683197,Buy,True,0.0
211,2016-08-01,26.102500915527344,26.537500381469727,26.102500915527344,26.512500762939453,24.38440704345703,152671600,24.972012729594297,24.66646727185762,24.924475910826885,Buy,True,0.0
212,2016-08-02,26.512500762939453,26.517499923706055,26.0,26.1200008392334,24.02340507507324,135266400,25.08134493051231,24.7234685882253,24.94814967178543,Buy,True,0.0
213,2016-08-03,26.20249938964844,26.459999084472656,26.1924991607666,26.447500228881836,24.324626922607425,120810400,25.211454958928453,24.791077672172616,24.977839781826944,Buy,True,0.0
214,2016-08-04,26.395000457763672,26.5,26.31999969482422,26.467500686645508,24.474889755249023,109634800,25.33107836156817,24.856819751171553,25.007338017565925,Buy,True,0.0
215,2016-11-22,27.987499237060547,28.104999542236328,27.850000381469727,27.950000762939453,25.97847366333008,103862000,27.734732355273263,27.808873453529124,27.30929783051869,Buy,True,0.0
216,2016-11-23,27.84000015258789,27.877500534057617,27.582500457763672,27.8075008392334,25.846025466918945,109705600,27.74166268707899,27.80881962551753,27.31916323663185,Buy,True,0.0
217,2016-11-25,27.782499313354492,27.967500686645508,27.737499237060547,27.947500228881836,25.97614860534668,45903600,27.761266262488785,27.814258080551426,27.33160555331007,Buy,True,0.0
218,2016-11-28,27.857500076293945,28.11750030517578,27.84749984741211,27.892499923706055,25.925031661987305,108776000,27.77376470641424,27.81732638812612,27.34271237252583,Buy,True,0.0
219,2016-11-29,27.69499969482422,28.00749969482422,27.517499923706055,27.864999771118164,25.89946937561035,114115200,27.782453760195565,27.819195932557182,27.353054697250432,Buy,True,0.0
220,2016-11-30,27.899999618530273,28.049999237060547,27.5674991607666,27.6299991607666,25.681049346923828,144649200,27.767934274535666,27.811776451310493,27.35853874603293,Buy,True,0.0
221,2016-12-01,27.592500686645508,27.73500061035156,27.25749969482422,27.372499465942383,25.441709518432617,148347600,27.7302738165744,27.794549902864684,27.358815195932127,Buy,True,0.0
222,2016-12-02,27.292499542236328,27.522499084472656,27.212499618530273,27.475000381469727,25.5369815826416,106112000,27.705962060850144,27.78201854908449,27.361115892675446,Buy,True,0.0
223,2016-12-05,27.5,27.50749969482422,27.0625,27.27750015258789,25.35340881347656,137298000,27.665156164825166,27.76223351392776,27.35946013544599,Buy,True,0.0
224,2016-12-06,27.375,27.59000015258789,27.29750061035156,27.487499237060547,25.548601150512695,104782000,27.648236457419014,27.751459620717284,27.361995563200733,Buy,True,0.0
225,2016-12-07,27.315000534057617,27.79750061035156,27.290000915527344,27.75749969482422,25.799551010131836,119994800,27.658642480029034,27.751696486368537,27.369827328183376,Buy,True,0.0
226,2016-12-08,27.71500015258789,28.107500076293945,27.649999618530273,28.030000686645508,26.052833557128903,108273200,27.694009928278223,27.762610376575477,27.382900067954903,Buy,True,0.0
227,2016-12-09,28.07749938964844,28.674999237060547,28.07749938964844,28.487499237060547,26.47805976867676,137610400,27.769580338638445,27.791037390712148,27.404773318828283,Buy,True,0.0
228,2016-12-12,28.322500228881836,28.75,28.122499465942383,28.325000762939453,26.327024459838867,105497600,27.822477521905206,27.811977130799495,27.422995644454247,Buy,True,0.0
229,2016-12-13,28.459999084472656,28.979999542236328,28.4375,28.79750061035156,26.766191482543945,174935200,27.915336863662002,27.85062511038977,27.450213564571026,Buy,True,0.0
230,2016-12-14,28.760000228881836,29.049999237060547,28.7450008392334,28.79750061035156,26.766191482543945,136127200,27.999352458584816,27.887757482937293,27.47689251597262,Buy,True,0.0
231,2017-10-11,38.99250030517578,39.244998931884766,38.9375,39.13750076293945,36.82941055297851,67622400,38.92868712584935,38.94288358828398,38.187313887251136,Buy,True,0.0
232,2017-10-12,39.087501525878906,39.342498779296875,38.932498931884766,39.0,36.70002365112305,64500400,38.935478828149414,38.945123447566964,38.203406681562996,Buy,True,0.0
233,2017-10-13,39.182498931884766,39.31999969482422,39.102500915527344,39.247501373291016,36.93292999267578,65576800,38.96519526102004,38.9569814054385,38.22408182397345,Buy,True,12.702499389648438
234,2018-02-08,40.0724983215332,40.25,38.75749969482422,38.787498474121094,36.63126754760742,217562000,41.73857036581294,42.3257130302342,41.69389202803219,Sell,True,0.0
235,2018-02-09,39.26750183105469,39.47249984741211,37.560001373291016,39.102500915527344,37.079315185546875,282690400,41.487516132452406,42.19931255514766,41.64257735253704,Sell,True,0.0
236,2018-02-12,39.625,40.97249984741211,39.377498626708984,40.6775016784668,38.57283401489258,243278000,41.41037189873949,42.1396336972386,41.62346694314951,Sell,True,0.0
237,2018-02-13,40.48749923706055,41.1875,40.412498474121094,41.084999084472656,38.95925521850586,130196800,41.37938401166646,42.09827547713014,41.61280421327472,Sell,True,0.0
238,2018-02-14,40.7599983215332,41.8849983215332,40.720001220703125,41.842498779296875,39.67755508422851,162579600,41.423490180012216,42.08824501839158,41.61735262052268,Sell,True,0.0
239,2018-02-15,42.4474983215332,43.272499084472656,42.25,43.247501373291016,41.00986099243164,204588800,41.597205531753055,42.13370605191705,41.64963279384482,Sell,True,0.0
240,2018-02-16,43.09000015258789,43.70500183105469,42.942501068115234,43.10749816894531,40.877098083496094,160704400,41.74104292577137,42.171893978075026,41.678501415133944,Sell,True,0.0
241,2018-02-20,43.01250076293945,43.564998626708984,42.85499954223633,42.962501525878906,40.739593505859375,135722000,41.8573723162578,42.20289819563597,41.70392715990117,Sell,True,0.0
242,2018-02-21,43.20750045776367,43.529998779296875,42.752498626708984,42.76750183105469,40.55469512939453,149886400,41.94405131766703,42.225039514672,41.724988044478465,Sell,True,0.0
243,2018-02-22,42.95000076293945,43.48749923706055,42.9275016784668,43.125,40.89369583129883,123967600,42.056522620746364,42.26033208272408,41.75271105349869,Sell,True,5.087501525878906
244,2018-02-23,43.41749954223633,43.912498474121094,43.3849983215332,43.875,41.604888916015625,135249600,42.22971094258004,42.323652393205485,41.794736577191784,Buy,True,0.0
245,2018-02-26,44.087501525878906,44.84749984741211,44.0525016784668,44.74250030517578,42.42750549316406,152648800,42.46902421520821,42.41850917406707,41.853108136161765,Buy,True,0.0
246,2018-02-27,44.775001525878906,45.119998931884766,44.540000915527344,44.59749984741211,42.290000915527344,155712400,42.671736180180005,42.50395978870805,41.90745252648355,Buy,True,-2.2550010681152344
247,2018-03-28,41.8125,42.505001068115234,41.29750061035156,41.619998931884766,39.46656036376953,166674000,43.16544261485086,43.099419748621706,42.50592017221963,Sell,True,0.0
248,2018-03-29,41.95249938964844,42.9375,41.724998474121094,41.94499969482422,39.774749755859375,153594000,43.049209955800706,43.05414837396298,42.49481283603358,Sell,True,0.0
249,2018-04-02,41.65999984741211,42.23500061035156,41.11750030517578,41.66999816894531,39.51398468017578,150347200,42.91785645229067,42.999867973766214,42.47847987232886,Sell,True,0.0
250,2018-04-03,41.90999984741211,42.1875,41.220001220703125,42.09749984741211,39.91936111450195,121112000,42.83972725182605,42.964480988419,42.47093571341962,Sell,True,0.0
251,2018-04-04,41.220001220703125,43.002498626708984,41.192501068115234,42.90250015258789,40.68270492553711,138422000,42.84570562332718,42.962050367406015,42.4794815438982,Sell,True,0.0
252,2018-04-05,43.14500045776367,43.557498931884766,43.02000045776367,43.20000076293945,40.964813232421875,107732800,42.87944801757597,42.97138175546615,42.49374925120595,Sell,True,0.0
253,2018-04-06,42.74250030517578,43.119998931884766,42.04999923706055,42.095001220703125,39.916996002197266,140021200,42.80473879882617,42.93701389135779,42.48585325060193,Sell,True,0.0
254,2018-04-09,42.470001220703125,43.272499084472656,42.462501525878906,42.51250076293945,40.31288146972656,116070800,42.7769066049322,42.92036631769433,42.48638092411356,Sell,True,0.0
255,2018-04-10,43.25,43.5,42.88249969482422,43.3125,41.07147979736328,113634400,42.827915499700566,42.9357441091573,42.50273971769547,Sell,True,0.0
256,2018-04-11,43.057498931884766,43.47999954223633,42.92499923706055,43.11000061035156,40.87947463989258,89726400,42.854780748333994,42.942577697439425,42.51476468586688,Sell,True,0.0
257,2018-04-12,43.352500915527344,43.75,43.2599983215332,43.53499984741211,41.282470703125,91557200,42.91956351967477,42.965809938614825,42.53496736233312,Sell,True,2.0625
258,2018-04-13,43.69499969482422,43.959999084472656,43.462501525878906,43.682498931884766,41.42235565185547,100497200,42.992224035123336,42.99391538933129,42.55769075974998,Buy,True,0.0
259,2018-04-16,43.75749969482422,44.04750061035156,43.70750045776367,43.95500183105469,41.68075180053711,86313600,43.08391715854537,43.0316050537126,42.58536028591443,Buy,True,0.0
260,2018-04-17,44.122501373291016,44.73500061035156,44.102500915527344,44.560001373291016,42.25444412231445,106421600,43.22449660756877,43.091542164284306,42.624462089624856,Buy,True,0.0
261,2018-04-18,44.45249938964844,44.70500183105469,44.220001220703125,44.459999084472656,42.159629821777344,83018000,43.342163510131044,43.14520714154659,42.66080935684956,Buy,True,0.0
262,2018-04-19,43.439998626708984,43.84749984741211,43.165000915527344,43.20000076293945,40.964813232421875,139235200,43.3286242008747,43.14735591101298,42.67148641439589,Buy,True,0.0
263,2018-04-20,42.650001525878906,42.80500030517578,41.35749816894531,41.43000030517578,39.286399841308594,261964400,43.1478028774748,43.0800086323527,42.646902531045,Buy,True,-2.37249755859375
264,2018-04-23,41.70750045776367,41.72999954223633,41.022499084472656,41.310001373291016,39.172603607177734,146062000,42.972774162790635,43.01059658297773,42.62042924079245,Sell,True,0.0
265,2018-04-24,41.41749954223633,41.58250045776367,40.30500030517578,40.73500061035156,38.62735366821289,134768000,42.75965287208215,42.92135752522769,42.583094020387676,Sell,True,0.0
266,2018-04-25,40.654998779296875,41.35499954223633,40.602500915527344,40.912498474121094,38.79567337036133,113528400,42.58373340560967,42.842578738909786,42.550012920461604,Sell,True,0.0
267,2018-04-26,41.029998779296875,41.432498931884766,40.842498779296875,41.05500030517578,38.93080520629883,111852000,42.43813977699692,42.7724776238614,42.520408710257925,Sell,True,0.0
268,2018-04-27,41.0,41.08250045776367,40.157501220703125,40.58000183105469,38.480377197265625,142623200,42.26117425833576,42.686498181006236,42.48198481165984,Sell,True,0.0
269,2018-04-30,40.532501220703125,41.814998626708984,40.459999084472656,41.314998626708984,39.17733383178711,169709600,42.17106229341892,42.63271388475928,42.45887617433408,Sell,True,0.0
270,2018-05-01,41.602500915527344,42.29999923706055,41.317501068115234,42.275001525878906,40.087677001953125,214277600,42.18096126793892,42.618685949116916,42.45523509218645,Sell,True,0.0
271,2018-05-02,43.807498931884766,44.4375,43.45000076293945,44.14250183105469,41.858551025390625,266157600,42.36777465490233,42.6784434346831,42.4886463147383,Sell,True,2.9124984741210938
272,2018-05-03,43.970001220703125,44.375,43.61000061035156,44.22249984741211,41.93441009521485,136272800,42.54441514942707,42.73899466655483,42.52298004805857,Buy,True,0.0
273,2018-05-04,44.5625,46.0625,44.54249954223633,45.95750045776367,43.579647064208984,224805200,42.86947089307817,42.86521057993557,42.59099035320124,Buy,True,0.0
274,2018-05-07,46.29499816894531,46.91749954223633,46.1875,46.290000915527344,43.89493942260742,169805600,43.19523565712095,42.999516083292114,42.664238087108686,Buy,True,0.0
275,2018-05-08,46.247501373291016,46.55500030517578,45.91749954223633,46.51250076293945,44.10592269897461,113611200,43.5111656671989,43.13728018837632,42.740441308412265,Buy,True,0.6925010681152344
276,2019-05-23,44.95000076293945,45.1349983215332,44.45249938964844,44.915000915527344,43.40613555908203,146118800,48.11518758785825,48.07685200110405,47.17273572810179,Sell,True,0.0
277,2019-05-24,45.04999923706055,45.53499984741211,44.654998779296875,44.74250030517578,43.23943710327149,94858800,47.79397927522183,47.94609311106765,47.12461225438048,Sell,True,0.0
278,2019-05-28,44.72999954223633,45.147499084472656,44.477500915527344,44.557498931884766,43.060646057128906,111792800,47.48574305204687,47.813207064825185,47.07377832720235,Sell,True,0.0
279,2019-05-29,44.10499954223633,44.837501525878906,44.0,44.345001220703125,42.85528945922851,113924800,47.186624782395086,47.677198992506675,47.01974313697464,Sell,True,0.0
280,2019-05-30,44.48749923706055,44.807498931884766,44.16749954223633,44.57500076293945,43.07756423950195,84873600,46.93789868530407,47.55554415997463,46.97133239689473,Sell,True,0.0
281,2019-05-31,44.057498931884766,44.497501373291016,43.747501373291016,43.76750183105469,42.29718780517578,108174400,46.63595612775651,47.40699348040914,46.90789020747216,Sell,True,0.0
282,2019-06-03,43.900001525878906,44.47999954223633,42.567501068115234,43.32500076293945,41.86954879760742,161584400,46.32062704539298,47.24691533462602,46.836941901639825,Sell,True,3.229999542236328
283,2019-06-10,47.95249938964844,48.842498779296875,47.904998779296875,48.14500045776367,46.52763366699219,104883600,46.45962754016302,47.12482985128949,46.80868303032156,Buy,True,0.0
284,2019-06-11,48.71500015258789,49.0,48.400001525878906,48.70249938964844,47.06639862060547,107731600,46.67323438297115,47.186699244950624,46.846184344367636,Buy,True,0.0
285,2019-06-12,48.48749923706055,48.99250030517578,48.34749984741211,48.54750061035156,46.91660690307617,73012800,46.85173592843595,47.24006400437811,46.87987377537722,Buy,True,0.0
286,2019-06-13,48.67499923706055,49.1974983215332,48.400001525878906,48.537498474121094,46.90694046020508,86698400,47.012284742310726,47.29094378750529,46.9126980268375,Buy,True,0.0
287,2019-06-14,47.88750076293945,48.397499084472656,47.57500076293945,48.185001373291016,46.566280364990234,75046000,47.123972040499325,47.32600486930081,46.93789215250984,Buy,True,0.0
288,2019-06-17,48.224998474121094,48.7400016784668,48.04249954223633,48.47249984741211,46.8441276550293,58676400,47.252403260205305,47.37096545667772,46.96828042369602,Buy,True,0.0
289,2019-06-18,49.01250076293945,50.0724983215332,48.8025016784668,49.61249923706055,47.94582748413086,106204000,47.47717430562009,47.458868742182936,47.020641192277495,Buy,True,0.0
290,2019-06-19,49.91999816894531,49.970001220703125,49.32749938964844,49.467498779296875,47.80569839477539,84496800,47.66672901739883,47.53763854755996,47.069093817763026,Buy,True,0.0
291,2019-06-20,50.092498779296875,50.15250015258789,49.50749969482422,49.8650016784668,48.189842224121094,86056000,47.87608831845292,47.62890768994846,47.12445832985617,Buy,True,0.0
292,2019-06-21,49.70000076293945,50.212501525878906,49.537498474121094,49.69499969482422,48.02556228637695,191202400,48.049317973345424,47.70993090582594,47.17536013906346,Buy,True,0.0
293,2020-04-27,70.44999694824219,71.13500213623047,69.98750305175781,70.7925033569336,69.04389953613281,117087600,68.1001451625431,68.52537370231445,68.39948954522656,Buy,True,0.0
294,2020-04-28,71.2699966430664,71.4574966430664,69.55000305175781,69.6449966430664,67.92473602294922,112004800,68.24727387497389,68.56928048430473,68.42415305211448,Buy,True,0.0
295,2020-04-29,71.18250274658203,72.4175033569336,70.97250366210938,71.93250274658203,70.15574645996094,137280800,68.59824805322228,68.70117155341364,68.49362532329205,Buy,True,0.0
296,2020-04-30,72.48999786376953,73.63249969482422,72.0875015258789,73.44999694824219,71.63575744628906,183064000,69.0603193765575,68.88740000026966,68.59177129606334,Buy,True,0.0
297,2020-05-01,71.5625,74.75,71.4625015258789,72.26750183105469,70.48247528076172,240616800,69.36576532460485,69.01995301324163,68.6645580393305,Buy,True,0.0
298,2020-05-04,72.2925033569336,73.42250061035156,71.58000183105469,73.29000091552734,71.47970581054688,133568000,69.73950204754985,69.1874058721548,68.75615096757203,Buy,True,0.0
299,2020-05-05,73.76499938964844,75.25,73.61499786376953,74.38999938964844,72.55255126953125,147751200,70.18240655632114,69.39142914735064,68.86771232246463,Buy,True,0.0
300,2021-04-06,126.5,127.12999725341795,125.6500015258789,126.20999908447266,124.04673767089844,80171300,123.10687251953438,124.93564463326952,123.76680986414543,Buy,True,0.0
301,2021-04-07,125.83000183105467,127.91999816894533,125.13999938964844,127.9000015258789,125.70777130126952,83466700,123.5633609963291,125.05189392317577,123.8486552435857,Buy,True,0.0
302,2021-04-08,128.9499969482422,130.38999938964844,128.52000427246094,130.36000061035156,128.1255645751953,88844600,124.21066000718838,125.26005496973168,123.97759277560085,Buy,True,0.0
303,2021-04-09,129.8000030517578,133.0399932861328,129.47000122070312,133.0,130.7203369140625,106686700,125.04774000650377,125.56358222582064,124.15625430479687,Buy,True,0.0
304,2021-04-12,132.52000427246094,132.85000610351562,130.6300048828125,131.24000549316406,128.9905242919922,91420000,125.6374795766619,125.7861870598341,124.29652660555662,Buy,True,0.0
305,2021-04-13,132.44000244140625,134.66000366210938,131.92999267578125,134.42999267578125,132.1258544921875,91266500,126.47486177657804,126.12515982908694,124.49718930001652,Buy,True,0.0
306,2021-04-14,134.94000244140625,135.0,131.66000366210938,132.02999877929688,129.76698303222656,87222800,127.00392244350364,126.35672214085989,124.64635384416067,Buy,True,76.70499801635742
307,2021-05-18,126.55999755859376,126.98999786376952,124.77999877929688,124.8499984741211,122.91847229003906,63342900,128.16986249682998,128.33036548920887,126.69351498529932,Sell,True,0.0
308,2021-05-19,123.16000366210938,124.91999816894533,122.86000061035156,124.69000244140624,122.76095581054688,92612000,127.8384472534563,128.18760615400092,126.65384146957867,Sell,True,0.0
309,2021-05-20,125.2300033569336,127.72000122070312,125.0999984741211,127.30999755859376,125.34041595458984,76857100,127.78811871108843,128.1531901306516,126.66683465946015,Sell,True,0.0
310,2021-05-21,127.81999969482422,128.0,125.20999908447266,125.43000030517578,123.489501953125,79295400,127.56353600576341,128.0463983727898,126.64234289006838,Sell,True,0.0
311,2021-05-24,126.01000213623048,127.94000244140624,125.94000244140624,127.0999984741211,125.13365173339844,63092900,127.51938957417843,128.0092846512734,126.6514053768813,Sell,True,0.0
312,2021-05-25,127.81999969482422,128.32000732421875,126.31999969482422,126.9000015258789,124.93675994873048,72009500,127.46040023624515,127.96578335223832,126.65632807290105,Sell,True,0.0
313,2021-05-26,126.95999908447266,127.38999938964844,126.41999816894533,126.8499984741211,124.88752746582033,56575900,127.40226673509048,127.92202708250824,126.66016313035095,Sell,True,0.0
314,2021-05-27,126.44000244140624,127.63999938964844,125.08000183105467,125.27999877929688,123.34181213378906,94625600,127.20014597739585,127.81841812944113,126.63283314320137,Sell,True,0.0
315,2021-05-28,125.56999969482422,125.8000030517578,124.5500030517578,124.61000061035156,122.68219757080078,71311100,126.95346546624877,127.69259783457487,126.59277705344196,Sell,True,0.0
316,2021-06-01,125.08000183105467,125.3499984741211,123.94000244140624,124.27999877929688,122.3572998046875,67637100,126.69884959130097,127.5587704206424,126.54697946385492,Sell,True,0.0
317,2021-06-02,124.27999877929688,125.23999786376952,124.0500030517578,125.05999755859376,123.12522888183594,59278900,126.54276844532886,127.46077932801305,126.51753427761213,Sell,True,0.0
318,2021-06-03,124.68000030517578,124.8499984741211,123.12999725341795,123.54000091552734,121.62875366210938,76229200,126.25679058534776,127.30702331183714,126.45857322093718,Sell,True,0.0
319,2021-06-04,124.06999969482422,126.16000366210938,123.8499984741211,125.88999938964844,123.9423828125,75169300,126.22185809051925,127.25145374626112,126.44731433318888,Sell,True,0.0
320,2021-06-07,126.16999816894533,126.31999969482422,124.83000183105467,125.9000015258789,123.95223236083984,71057600,126.19120508436302,127.19845561997163,126.4364764558164,Sell,True,0.0
321,2021-06-08,126.5999984741211,128.4600067138672,126.20999908447266,126.73999786376952,124.77924346923828,74403800,126.24347106335412,127.18047688443428,126.44248678072637,Sell,True,0.0
322,2021-06-09,127.20999908447266,127.75,126.5199966430664,127.12999725341795,125.1631851196289,56877900,126.32790212907449,127.1784972910611,126.45610084949254,Sell,True,0.0
323,2021-06-10,127.0199966430664,128.19000244140625,125.94000244140624,126.11000061035156,124.15897369384766,71186400,126.30714960348183,127.13659546044505,126.44924737941054,Sell,True,0.0
324,2021-06-11,126.52999877929688,127.44000244140624,126.0999984741211,127.3499984741211,125.37979125976562,53522400,126.40646854354272,127.14496420607941,126.46708403475134,Sell,True,5.629997253417969
325,2021-06-14,127.81999969482422,130.5399932861328,127.06999969482422,130.47999572753906,128.46136474609375,96906500,126.79442351344713,127.27574975594058,126.54654763262832,Buy,True,0.0
326,2021-06-15,129.94000244140625,130.60000610351562,129.38999938964844,129.63999938964844,127.63436126708984,62746300,127.06543073975202,127.3684654278507,126.60780410306435,Buy,True,0.0
327,2021-06-16,130.3699951171875,130.88999938964844,128.4600067138672,130.14999389648438,128.13645935058594,91815000,127.3591986594408,127.47754497564026,126.67794647521129,Buy,True,0.0
328,2021-06-17,129.8000030517578,132.5500030517578,129.64999389648438,131.7899932861328,129.75108337402344,96721700,127.78117910007815,127.64666059565958,126.77917512493251,Buy,True,0.0
329,2021-06-18,130.7100067138672,131.50999450683594,130.24000549316406,130.4600067138672,128.44171142578125,108953300,128.03630553948662,127.75698789441283,126.85206287916884,Buy,True,0.0
330,2021-06-21,130.3000030517578,132.41000366210938,129.2100067138672,132.3000030517578,130.2532196044922,79663300,128.44237196922674,127.93514535156362,126.95994288258645,Buy,True,0.0
331,2021-06-22,132.1300048828125,134.0800018310547,131.6199951171875,133.97999572753906,131.9072265625,74783600,128.96976470811362,128.17219830748422,127.09895383001125,Buy,True,0.0
332,2021-06-23,133.77000427246094,134.32000732421875,133.22999572753906,133.6999969482422,131.6315460205078,60214200,129.42026301669728,128.38897472476884,127.22966755512473,Buy,True,0.0
333,2021-06-24,134.4499969482422,134.63999938964844,132.92999267578125,133.41000366210938,131.3460235595703,68711000,129.80023831626033,128.58587782035082,127.35205044833235,Buy,True,10.430007934570312
334,2021-10-13,141.24000549316406,141.39999389648438,139.1999969482422,140.91000366210938,138.93785095214844,78762700,143.679877294847,144.79830119983683,142.02426058821243,Sell,True,0.0
335,2021-10-14,142.11000061035156,143.8800048828125,141.50999450683594,143.75999450683594,141.7479705810547,69907100,143.6875075055126,144.7575832903074,142.05863155689804,Sell,True,0.0
336,2021-10-15,143.77000427246094,144.89999389648438,143.50999450683594,144.83999633789062,142.8128662109375,67940300,143.79726834669145,144.76081517452636,142.11370808721472,Sell,True,5.6399993896484375
337,2021-10-18,143.4499969482422,146.83999633789062,143.16000366210938,146.5500030517578,144.49893188476562,85589200,144.05943355669777,144.83097940500602,142.20155551225517,Buy,True,0.0
338,2021-10-19,147.00999450683594,149.1699981689453,146.5500030517578,148.75999450683594,146.677978515625,76378900,144.5071060281395,144.9850584286072,142.33142559135578,Buy,True,0.0
339,2021-10-20,148.6999969482422,149.75,148.1199951171875,149.25999450683594,147.17103576660156,58418800,144.95976207372965,145.1527029806946,142.46862497582075,Buy,True,0.0
340,2021-10-21,148.80999755859375,149.63999938964844,147.8699951171875,149.47999572753906,147.38792419433594,61421000,145.39026051694958,145.32240073547283,142.60746400060725,Buy,True,8.17999267578125
341,2022-03-11,158.92999267578125,159.27999877929688,154.5,154.72999572753906,152.98175048828125,96970100,163.52210685732337,165.95667748250762,163.22240125716905,Sell,True,0.0
342,2022-03-14,151.4499969482422,154.1199951171875,150.10000610351562,150.6199951171875,148.91819763183594,108732100,162.29333431064376,165.3552389583774,162.97284866033775,Sell,True,14.090011596679688
343,2022-03-22,165.50999450683594,169.4199981689453,164.91000366210938,168.82000732421875,166.91256713867188,81532000,162.60590734768118,164.7553328125239,162.90756232173945,Buy,True,0.0
344,2022-03-23,167.99000549316406,172.63999938964844,167.64999389648438,170.2100067138672,168.286865234375,98062700,163.33010728731796,164.96924159296873,163.0521651809895,Buy,True,0.0
345,2022-03-24,171.05999755859375,174.13999938964844,170.2100067138672,174.07000732421875,172.10324096679688,90131400,164.35295490987994,165.32613436674325,163.27034027293465,Buy,True,0.0
346,2022-03-25,173.8800048828125,175.27999877929688,172.75,174.72000122070312,172.7459259033203,80546200,165.34029265376788,165.69452130219267,163.4970662322964,Buy,True,0.0
347,2022-03-28,172.1699981689453,175.72999572753906,172.0,175.60000610351562,173.615966796875,90371900,166.31740822041053,166.08297168655827,163.7367284079641,Buy,True,-12.25
348,2022-04-27,155.91000366210938,159.7899932861328,155.3800048828125,156.57000732421875,154.8009796142578,88063200,165.58304614291373,166.86538540236143,165.25576927537563,Sell,True,0.0
349,2022-04-28,159.25,164.52000427246094,158.92999267578125,163.63999938964844,161.79107666015625,130216800,165.39799407117417,166.73889967637268,165.2237738320939,Sell,True,0.0
350,2022-04-29,161.83999633789062,166.1999969482422,157.25,157.64999389648438,155.86875915527344,131747600,164.66008929263228,166.38247199873,165.0737979917848,Sell,True,0.0
351,2022-05-02,156.7100067138672,158.22999572753906,153.27000427246094,157.9600067138672,156.17527770996094,123055300,164.02198618989274,166.05217924246088,164.93293083776663,Sell,True,0.0
352,2022-05-03,158.14999389648438,160.7100067138672,156.32000732421875,159.47999572753906,157.67808532714844,88966500,163.5894156696686,165.7944465556012,164.8249519246928,Sell,True,0.0
353,2022-05-04,159.6699981689453,166.47999572753906,159.25999450683594,166.02000427246094,164.1442108154297,108256500,163.82090029850596,165.80329195626237,164.8486163276189,Sell,True,0.0
354,2022-05-05,163.85000610351562,164.0800018310547,154.9499969482422,156.77000427246094,154.9987030029297,130525300,163.1493863912636,165.44904538042704,164.68864381167518,Sell,True,0.0
355,2022-05-06,156.00999450683594,159.44000244140625,154.17999267578125,157.27999877929688,155.7314453125,116124600,162.59039709488582,165.12869061175527,164.54193796944986,Sell,True,0.0
356,2022-05-09,154.92999267578125,155.8300018310547,151.49000549316406,152.05999755859375,150.56280517578125,131577900,161.58750190095324,164.61619284496464,164.29477083260122,Sell,True,5.9399871826171875
357,2022-07-29,161.24000549316406,163.6300048828125,159.5,162.50999450683594,160.90992736816406,101786900,150.88300558862122,148.767071646507,151.68548702762394,Buy,True,0.0
358,2022-08-01,161.00999450683594,163.58999633789062,160.88999938964844,161.50999450683594,159.91976928710938,67829400,151.89509977130834,149.26679411161794,151.8800317301826,Buy,True,0.0
359,2022-08-02,160.10000610351562,162.41000366210938,159.6300048828125,160.00999450683594,158.43453979492188,59907000,152.66794688897764,149.68809608790102,152.0410210920965,Buy,True,-11.80999755859375
360,2022-09-16,151.2100067138672,151.35000610351562,148.3699951171875,150.6999969482422,149.42347717285156,162278800,158.23658836703592,158.0777945020593,156.91984693632511,Sell,True,0.0
361,2022-09-19,149.30999755859375,154.55999755859375,149.10000610351562,154.47999572753906,153.17144775390625,81474200,157.87881763946478,157.9367043540389,156.87153305100261,Sell,True,0.0
362,2022-09-20,153.39999389648438,158.0800018310547,153.0800018310547,156.89999389648438,155.57095336914062,107689800,157.7855963306095,157.89604904197796,156.87209663210126,Sell,True,0.0
363,2022-09-21,157.33999633789062,158.74000549316406,153.60000610351562,153.72000122070312,152.4179229736328,101696800,157.39839679633272,157.7322824607515,156.80967890118248,Sell,True,0.0
364,2022-09-22,152.3800048828125,154.47000122070312,150.91000366210938,152.74000549316406,151.44619750976562,86652500,156.95474048174523,157.5365068933951,156.72909130894448,Sell,True,0.0
365,2022-09-23,151.19000244140625,151.47000122070312,148.55999755859375,150.42999267578125,149.15576171875,96029900,156.3333359287963,157.25782006133184,156.6043566825452,Sell,True,0.0
366,2022-09-26,149.66000366210938,153.77000427246094,149.63999938964844,150.77000427246094,149.49290466308594,93339400,155.80349481866912,157.0033959127487,156.48882495165242,Sell,True,0.0
367,2022-09-27,152.74000549316406,154.72000122070312,149.9499969482422,151.75999450683594,150.47450256347656,84442700,155.41839955087548,156.79777232820308,156.39518474482438,Sell,True,0.0
368,2022-09-28,147.63999938964844,150.63999938964844,144.83999633789062,149.83999633789062,148.57077026367188,146691400,154.88712305440072,156.52491836779868,156.265379033796,Sell,True,0.0
369,2022-09-29,146.10000610351562,146.72000122070312,140.67999267578125,142.47999572753906,141.27310180664062,128138200,153.7054918804139,155.9741370877885,155.9924011465434,Sell,True,3.8000030517578125
370,2023-02-03,148.02999877929688,157.3800048828125,147.8300018310547,154.5,153.44541931152344,154357300,141.77482586593771,140.33467279928544,143.05732886337623,Buy,True,0.0
371,2023-02-06,152.57000732421875,153.10000610351562,150.77999877929688,151.72999572753906,150.69432067871094,69858300,142.7229372813283,140.78154820823656,143.2290648408844,Buy,True,0.0
372,2023-02-07,150.63999938964844,155.22999572753906,150.63999938964844,154.64999389648438,153.59439086914062,83322600,143.8588474351527,141.32540882346197,143.4552218518864,Buy,True,19.710006713867188
373,2023-09-13,176.50999450683594,177.3000030517578,173.97999572753906,174.2100067138672,173.7590789794922,84267900,180.87244248448386,182.20396833543808,178.66624331133883,Sell,True,0.0
374,2023-09-14,174.0,176.10000610351562,173.5800018310547,175.74000549316406,175.2851104736328,60895800,180.38363896150102,181.95047959652538,178.60829800800863,Sell,True,0.0
375,2023-09-15,176.47999572753906,176.5,173.82000732421875,175.00999450683594,174.55699157714844,109205100,179.87186329915195,181.6783037106552,178.53704447333195,Sell,True,0.0
376,2023-09-18,176.47999572753906,179.3800048828125,176.1699981689453,177.97000122070312,177.50933837890625,67257600,179.69073357739492,181.53288008359826,178.52581589407197,Sell,True,0.0
377,2023-09-19,177.52000427246094,179.6300048828125,177.1300048828125,179.07000732421875,178.6064910888672,51826900,179.63161679137815,181.4362968381324,178.53659196199567,Sell,True,0.0
378,2023-09-20,179.25999450683594,179.6999969482422,175.39999389648438,175.49000549316406,175.03575134277344,58436200,179.23717762011967,181.20310894225128,178.4762635170683,Sell,True,0.0
379,2023-09-21,174.5500030517578,176.3000030517578,173.86000061035156,173.92999267578125,173.4797821044922,63047900,178.73173143494458,180.91788869650736,178.3862383518943,Sell,True,0.0
380,2023-09-22,174.6699981689453,177.0800018310547,174.0500030517578,174.7899932861328,174.3375701904297,56725400,178.3563278017244,180.67757907257112,178.31502557831485,Sell,True,0.0
381,2023-09-25,174.1999969482422,176.97000122070312,174.14999389648438,176.0800018310547,175.62423706054688,46172700,178.13953485213682,180.497281925845,178.2707676823295,Sell,True,0.0
382,2023-09-26,174.82000732421875,175.1999969482422,171.66000366210938,171.9600067138672,171.514892578125,64588900,177.55100836277782,180.16248681949293,178.14580211859757,Sell,True,0.0
383,2023-09-27,172.6199951171875,173.0399932861328,169.0500030517578,170.42999267578125,169.9888458251953,66921800,176.87281639258768,179.78082038248462,177.99301381279923,Sell,True,0.0
384,2023-09-28,169.33999633789062,172.02999877929688,167.6199951171875,170.69000244140625,170.24818420410156,56294400,176.28397696866563,179.4243177181286,177.848399726237,Sell,True,0.0
385,2023-09-29,172.02000427246094,173.07000732421875,170.33999633789062,171.2100067138672,170.766845703125,51814200,175.80074170630388,179.10218787482424,177.71694639925937,Sell,True,0.0
386,2023-10-02,171.22000122070312,174.3000030517578,170.92999267578125,173.75,173.3002471923828,52164500,175.60543297237018,178.8922981542429,177.63839300521462,Sell,True,0.0
387,2023-10-03,172.25999450683594,173.6300048828125,170.82000732421875,172.39999389648438,171.9537353515625,49594600,175.30015306038106,178.63769798727196,177.53466232979423,Sell,True,0.0
388,2023-10-04,171.08999633789062,174.2100067138672,170.97000122070312,173.66000366210938,173.2104949951172,53020300,175.14394835578375,178.442494288246,177.45793641558265,Sell,True,0.0
389,2023-10-05,173.7899932861328,175.4499969482422,172.67999267578125,174.91000366210938,174.45726013183594,48527900,175.12166790876714,178.30396524408377,177.4074823016525,Sell,True,0.0
390,2023-10-06,173.8000030517578,177.99000549316406,173.17999267578125,177.49000549316406,177.03057861328125,57224100,175.34722386918588,178.27204525385162,177.40911642425667,Sell,True,0.0
391,2023-10-09,176.80999755859375,179.0500030517578,175.8000030517578,178.99000549316406,178.52670288085938,42390800,175.6941554524219,178.30020055735406,177.44042115829444,Sell,True,0.0
392,2023-10-10,178.10000610351562,179.72000122070312,177.9499969482422,178.38999938964844,177.92825317382812,43698000,175.95090249406252,178.30372208018915,177.4592246876282,Sell,True,0.0
393,2023-10-11,178.1999969482422,179.85000610351562,177.60000610351562,179.8000030517578,179.3345947265625,47551100,176.3174834995573,178.3623997653487,177.50557673444263,Sell,True,6.5
394,2023-10-12,180.07000732421875,182.33999633789065,179.0399932861328,180.7100067138672,180.24224853515625,56743100,176.7358190437773,178.45446278293767,177.56903079344113,Buy,True,0.0
395,2023-10-13,181.4199981689453,181.92999267578125,178.13999938964844,178.85000610351562,178.38706970214844,51427100,176.9371701923238,178.46997428570543,177.59439664116536,Buy,True,0.0
396,2023-10-16,176.75,179.0800018310547,176.50999450683594,178.72000122070312,178.25738525390625,52517000,177.10696362359803,178.4797792635485,177.61668584076017,Buy,True,0.0
397,2023-10-17,176.64999389648438,178.4199981689453,174.8000030517578,177.14999389648438,176.6914520263672,57549400,177.1110617448253,178.42763081778128,177.60744441612104,Buy,True,0.0
398,2023-10-18,175.5800018310547,177.5800018310547,175.11000061035156,175.83999633789062,175.3848419189453,54764400,176.9900078965458,178.3261549558248,177.5724454442749,Buy,True,-5.25
399,2023-10-19,176.0399932861328,177.83999633789062,175.19000244140625,175.4600067138672,175.00584411621094,59302900,176.84429349819544,178.21375698555195,177.53061497436585,Sell,True,0.0
400,2023-10-20,175.30999755859375,175.4199981689453,172.63999938964844,172.8800048828125,172.43251037597656,64189300,176.4667422014923,178.00459023642492,177.4385236854242,Sell,True,0.0
401,2023-10-23,170.91000366210938,174.00999450683594,169.92999267578125,173.0,172.5522003173828,55980100,176.13657627754066,177.80833179578082,177.350632127297,Sell,True,0.0
402,2023-10-24,173.0500030517578,173.6699981689453,171.4499969482422,173.44000244140625,172.99105834960938,43816600,175.87975972171833,177.63702476227593,177.2731939156952,Sell,True,0.0
403,2023-10-25,171.8800048828125,173.05999755859375,170.64999389648438,171.10000610351562,170.65711975097656,57157000,175.4245450914133,177.38067108938338,177.15095257287976,Sell,True,0.0
404,2023-10-26,170.3699951171875,171.3800048828125,165.6699981689453,166.88999938964844,166.4580078125,70625300,174.61173121505476,176.96927219919772,176.9477653811326,Sell,True,0.0
405,2023-10-27,166.91000366210938,168.9600067138672,166.8300018310547,168.22000122070312,167.78456115722656,58499100,174.00299502511652,176.6261635333744,176.7749383680548,Sell,True,0.0
406,2023-10-30,169.02000427246094,171.1699981689453,168.8699951171875,170.2899932861328,169.8491973876953,51131000,173.64937581187996,176.3776862687767,176.64652361395733,Sell,True,0.0
407,2023-10-31,169.35000610351562,170.89999389648438,167.89999389648438,170.77000427246094,170.32797241210938,44846000,173.37514995098292,176.15777717088196,176.53015689432374,Sell,True,0.0
408,2023-11-01,171.0,174.22999572753906,170.1199951171875,173.97000122070312,173.51968383789062,56934900,173.43180245286104,176.07198203558085,176.47946074237086,Sell,True,0.0
409,2023-11-02,175.52000427246094,177.77999877929688,175.4600067138672,177.57000732421875,177.11036682128906,77334800,173.82591720251415,176.13072812533136,176.50105572418963,Sell,True,0.0
410,2023-11-03,174.24000549316406,176.82000732421875,173.35000610351562,176.64999389648438,176.19273376464844,79763700,174.09487688765418,176.151091488906,176.50400499492812,Sell,True,0.0
411,2023-11-06,176.3800048828125,179.42999267578125,176.2100067138672,179.22999572753906,178.7660675048828,63841300,174.58393582478607,176.2718328315975,176.55798500943527,Sell,True,6.3600006103515625
412,2023-11-07,179.17999267578125,182.44000244140625,178.97000122070312,181.82000732421875,181.349365234375,70530000,175.2730854913987,176.48940830189636,176.66218347111416,Buy,True,0.0
413,2023-11-08,182.3500061035156,183.4499969482422,181.58999633789065,182.88999938964844,182.4165954589844,49340300,175.99850586266058,176.7404118739651,176.78550655860988,Buy,True,0.0
414,2023-11-09,182.9600067138672,184.1199951171875,181.80999755859375,182.41000366210935,181.93783569335935,53763500,176.60912470070332,176.9627488068335,176.8968827388772,Buy,True,0.0
415,2023-11-10,183.97000122070312,186.57000732421875,183.52999877929688,186.3999938964844,186.16244506835935,66133400,177.54158843363484,177.33283684956493,177.0850631578397,Buy,True,0.0
416,2023-11-13,185.82000732421875,186.02999877929688,184.2100067138672,184.8000030517578,184.5644989013672,43627500,178.2328660163132,177.62566689670976,177.237834244848,Buy,True,0.0
417,2023-11-14,187.6999969482422,188.11000061035156,186.3000030517578,187.44000244140625,187.2011260986328,60108400,179.10973615203636,178.01054280042337,177.4398573774531,Buy,True,0.0
418,2023-11-15,187.8500061035156,189.5,187.77999877929688,188.0099945068359,187.7703857421875,53790500,179.95737980487442,178.40267816145916,177.6491670235795,Buy,True,0.0
419,2023-11-16,189.57000732421875,190.9600067138672,188.6499938964844,189.7100067138672,189.46824645996097,54412900,180.88620141525467,178.8461028105732,177.88799553229808,Buy,True,0.8599853515625
420,2024-01-17,181.27000427246097,182.92999267578125,180.3000030517578,182.67999267578125,182.4471893310547,47317400,187.30925904663553,187.30697879616204,184.61478047292545,Sell,True,0.0
421,2024-01-18,186.08999633789065,189.13999938964844,185.8300018310547,188.6300048828125,188.38961791992188,78005800,187.43504436436666,187.35886217210913,184.69428986718063,Sell,True,8.8800048828125
422,2024-01-19,189.3300018310547,191.9499969482422,188.82000732421875,191.55999755859375,191.3158721923828,68741000,187.82789704953115,187.52361257942226,184.8302444749314,Buy,True,0.0
423,2024-01-22,192.3000030517578,195.3300018310547,192.2599945068359,193.88999938964844,193.6428985595703,60133900,188.4052401295423,187.77327480727428,185.00964556235152,Buy,True,0.0
424,2024-02-07,190.63999938964844,191.0500030517578,188.61000061035156,189.41000366210935,189.1686248779297,53439000,188.97211360857335,188.48258088393942,186.03038033276994,Buy,True,0.0
425,2024-02-08,189.38999938964844,189.5399932861328,187.3500061035156,188.32000732421875,188.08001708984375,40962000,188.91000824815862,188.47620545022488,186.07571948111544,Buy,True,0.0
426,2024-02-09,188.6499938964844,189.9900054931641,188.0,188.8500061035156,188.8500061035156,45155200,188.9042937581926,188.49086429937356,186.13065584987584,Buy,True,0.0
427,2024-02-12,188.4199981689453,188.6699981689453,186.7899932861328,187.1499938964844,187.1499938964844,41781900,188.73721758088706,188.43828114631907,186.15084076168986,Buy,True,0.0
428,2024-02-13,185.77000427246097,186.2100067138672,183.5099945068359,185.0399932861328,185.0399932861328,56529500,188.38510098138667,188.30501495572355,186.12884378197586,Buy,True,-7.410003662109347
429,2024-02-14,185.32000732421875,185.52999877929688,182.44000244140625,184.1499938964844,184.1499938964844,54630500,187.98175744949123,188.14207295340046,186.0896586357285,Sell,True,0.0
430,2024-02-15,183.5500030517578,184.4900054931641,181.3500061035156,183.86000061035156,183.86000061035156,65434500,187.58920917909697,187.9741485477907,186.04550699166163,Sell,True,0.0
431,2024-02-16,183.4199981689453,184.8500061035156,181.6699981689453,182.30999755859375,182.30999755859375,49701400,187.08642712000142,187.7520249795869,185.9715365078385,Sell,True,0.0
432,2024-02-20,181.7899932861328,182.42999267578125,180.0,181.55999755859375,181.55999755859375,53665600,186.56010049510544,187.5092003748421,185.88417930092274,Sell,True,0.0
433,2024-02-21,181.94000244140625,182.88999938964844,180.66000366210935,182.32000732421875,182.32000732421875,41529700,186.15628209787815,187.305702608151,185.8136016380177,Sell,True,0.0
434,2024-02-22,183.47999572753903,184.9600067138672,182.4600067138672,184.3699951171875,184.3699951171875,52292200,185.98615952828857,187.19057682419165,185.78501537027847,Sell,True,0.0
435,2024-02-23,185.0099945068359,185.0399932861328,182.22999572753903,182.52000427246097,182.52000427246097,45119700,185.65604950392404,187.00741711628066,185.72036168517317,Sell,True,0.0
436,2024-02-26,182.2400054931641,182.7599945068359,180.6499938964844,181.16000366210935,181.16000366210935,40867400,185.22785466184644,186.77810678474455,185.6300575659046,Sell,True,0.0
437,2024-02-27,181.1000061035156,183.9199981689453,179.55999755859375,182.6300048828125,182.6300048828125,54318900,184.98044039717655,186.6154361219237,185.570650582081,Sell,True,0.0
438,2024-02-28,182.5099945068359,183.1199951171875,180.1300048828125,181.4199981689453,181.4199981689453,48953900,184.64135066115452,186.41169345710102,185.4884594451872,Sell,True,0.0
439,2024-02-29,181.27000427246097,182.57000732421875,179.52999877929688,180.75,180.75,136682600,184.27074583628266,186.18966626270492,185.39462856508447,Sell,True,0.0
440,2024-03-01,179.5500030517578,180.52999877929688,177.3800048828125,179.66000366210938,179.66000366210938,73488000,183.83162753398045,185.93360106268156,185.28107163631267,Sell,True,0.0
441,2024-03-04,176.14999389648438,176.89999389648438,173.7899932861328,175.10000610351562,175.10000610351562,81510100,183.00004454060286,185.5087542015378,185.07946637823747,Sell,True,0.0
442,2024-03-05,170.75999450683594,172.0399932861328,169.6199951171875,170.1199951171875,170.1199951171875,95132400,181.77337316694425,184.9052734531319,184.7832392245533,Sell,True,0.0
